0.0009025560854239867,0.0,0.0
0.00013538341281359802,0.0,0.0
0.0,0.0,0.00011748448014814142
0.0,0.0003668937244205966,0.0
0.0,0.0005870299590729545,0.0
0.0,0.0,0.0005874224007407071
0.0,0.0,0.0056392550471107885
0.000406150238440794,0.0,0.0
0.0012531944293608709,0.0,0.001634213193355693
0.0,0.0,0.0005090994139752796
0.0,0.0,0.0017035249621480508
0.0,0.0,0.00029371120037035355
0.0,0.0,0.0009202950944937745
0.0,0.0,7.832298676542761e-05
0.0,0.0,0.0006657453875061347
0.0026043193654092843,0.0,0.0026547630332759923
0.0,0.00022013623465235796,0.0
0.0,0.0,0.0007049068808888486
0.0,0.00047696184174677556,0.0
0.0,0.0,0.00021538821360492593
2.2563902135599666e-05,0.0,0.0
0.0,0.0,0.0004699379205925657
0.0,0.0,0.0023105281095801146
0.0,0.0,0.00021538821360492593
0.0,0.0,0.00021538821360492593
0.0,0.0001834468622102983,0.0
0.00018051121708479733,0.0,0.0
0.005754568615178975,0.0,0.0047770308952401275
0.0,0.0,0.0018601709356789058
0.0,7.337874488411931e-05,0.0
0.000406150238440794,0.0,0.0
0.0,0.0,1.9580746691356904e-05
0.0,0.0,0.0007244876275802055
0.0016749907208351924,0.0,0.0008374058248184604
0.0,0.0008116450838726508,0.0026018489716155197
0.0,0.0,0.0003916149338271381
0.0,0.0,0.0017035249621480508
0.0016113242104175256,0.0,0.001088462503757467
0.00013513287407872367,0.0,0.00039183234903637207
0.0,0.0,0.0009202950944937745
0.0,0.0,0.008380559583900755
0.0,0.0,0.0040727953118022365
0.0,0.0,0.0006461646408147778
0.0,0.0,0.0038182456048145965
0.00018051121708479733,0.0,0.0
0.0,0.0026416348158282955,0.0
0.0,0.00014675748976823862,0.0
0.0,0.0,3.916149338271381e-05
0.0,3.6689372442059656e-05,0.0
0.0009476838896951861,0.0,0.0
0.00045127804271199334,0.0,0.0
0.0007220448683391893,0.0,0.0
9.025560854239866e-05,0.0,0.0
0.0,0.0,0.009202950944937746
0.0,0.0,0.0015077174952344817
0.0,0.0,0.00023496896029628284
0.0,0.00014675748976823862,0.0
0.0005190033712602804,0.0,0.0003524242634593559
9.95339851930667e-05,0.00013167065706756932,0.0
0.001015375596101985,0.0,0.0
0.0,0.0,3.916149338271381e-05
0.00024820292349159634,0.0,0.0
0.0,0.0,1.9580746691356904e-05
0.0008574282811527874,0.0,0.0
0.0,0.0,3.916149338271381e-05
0.0,0.0,0.0009202950944937745
0.0013468682055241348,0.000671735438471905,0.0
0.0016774483973115801,0.0006111670380837788,0.0
0.0,0.0002568256070944176,0.0
0.0010158278370141559,0.0,0.002290554912385672
0.0,0.0,9.790373345678453e-05
0.0,0.0,0.0008028106143456331
0.0003322882970351713,0.0,0.00014241970000695165
0.00018051121708479733,0.0,0.0
0.0,0.0,9.790373345678453e-05
0.0,0.0002568256070944176,0.0
0.0,0.005283269631656591,0.0
0.0,0.0,0.0002545497069876398
0.0,0.007602170122677467,0.001660376790877993
0.0,0.0,0.0031525002173084615
0.0,0.0,0.0007636491209629193
0.00036102243416959466,0.0,0.0
0.0003158946298983954,0.0,0.0
0.0,0.0006175166034050317,0.0005124097471816792
0.0,0.00014675748976823862,0.0
0.001249156786845969,0.0008928129674258701,0.0015332659661294785
0.0,0.0,0.0013706522683949833
0.00045127804271199334,0.0,0.0
0.00011281951067799833,0.0,0.0
0.0,0.0,0.00015664597353085523
0.0,0.0,0.00027413045367899664
0.0001579473149491977,0.0,0.0
0.0,0.0,0.00015664597353085523
9.025560854239866e-05,0.0,0.0
0.0,0.0,0.0005286801606666364
0.0,0.0,3.916149338271381e-05
0.0,7.337874488411931e-05,0.0
0.0,0.0,0.00015664597353085523
0.0,0.0,0.0003524534404444243
0.0005189697491187924,0.0,0.0
0.0,0.0,5.874224007407071e-05
0.004287141405763937,0.0,0.0
0.0020407274228874395,0.0,0.0022235478416062493
0.013064499336512207,0.0,0.0
0.0,0.0,0.003739922618049169
0.0,0.0,0.00011748448014814142
4.512780427119933e-05,0.0,0.0
4.512780427119933e-05,0.0,0.0
2.2563902135599666e-05,0.0,0.0
0.0,7.337874488411931e-05,0.0
0.0,3.6689372442059656e-05,0.0
0.0,0.0,0.0005286801606666364
2.2563902135599666e-05,0.0,0.0
0.00027076682562719603,0.0,0.0
2.2563902135599666e-05,0.0,0.0
0.0,0.0001834468622102983,0.0
0.0,0.0,0.00029371120037035355
0.0,0.0002568256070944176,0.0
0.000406150238440794,0.0,0.0
0.0,0.0,0.00019580746691356905
0.0008348643790171877,0.0,0.0
0.000609225357661191,0.0,0.0
0.0,0.0,0.0002545497069876398
0.00013538341281359802,0.0,0.0
0.000744608770474789,0.0,0.0
0.0,0.0,9.790373345678453e-05
4.512780427119933e-05,0.0,0.0
0.0004964058469831927,0.0,0.0
0.0180052565685556,0.0,0.01525404152566335
0.0,0.00531995900409865,0.0
0.00038358633630519436,0.0,0.0
0.0018502399751191727,0.0,0.0
0.00013538341281359802,0.0,0.0
0.0001579473149491977,0.0,0.0
0.0,7.337874488411931e-05,0.0
4.512780427119933e-05,0.0,0.0
9.025560854239866e-05,0.0,0.0
0.0018502399751191727,0.0,0.0
0.0,0.0,0.0005874224007407071
0.0,0.0,3.916149338271381e-05
0.0,0.0,3.916149338271381e-05
0.0,0.0,3.916149338271381e-05
0.0006528739213686869,0.0,0.0006474483121673388
0.0017374204644411745,0.0,0.0
0.0035593254138314716,0.0,0.0020805672772452703
0.0,0.0,0.0027804660301726804
0.0,0.002494877326060057,0.0
0.0,0.0,0.005404286086814506
4.512780427119933e-05,0.0,0.0
0.0,0.00011006811732617898,0.0
0.0,0.0,9.790373345678453e-05
0.0002933307277627957,0.0,0.0
0.0,0.0,0.00021538821360492593
0.0,0.0,7.832298676542761e-05
0.0,0.0,0.0017426864555307644
0.0,3.6689372442059656e-05,0.0
0.001827676072983573,0.0,0.0
0.0,0.0,1.9580746691356904e-05
0.0,0.0,0.000607003147432064
0.0015521626598843782,0.0,0.00014118427178035263
0.0,0.0,0.00021538821360492593
0.0,0.001394196152798267,0.0
0.0,0.0,0.0005678416540493502
0.00018051121708479733,0.0,0.0
0.0,0.0,0.0007636491209629193
0.0,0.0,0.00019580746691356905
0.0,0.0,0.0011356833080987004
0.0014215258345427792,0.0,0.0
0.00047384194484759303,0.0,0.0
0.0020758789964751695,0.0,0.0
0.0,0.0,0.00021538821360492593
0.0,0.0,1.9580746691356904e-05
0.0001579473149491977,0.0,0.0
0.00135383412813598,0.0,0.0
0.00816813257308708,0.0,0.0
0.0,7.337874488411931e-05,0.0
0.0,0.0,0.0028196275235553942
0.0016020370516275765,0.0,0.0
2.2563902135599666e-05,0.0,0.0
0.0,0.0,5.874224007407071e-05
2.2563902135599666e-05,0.0,0.0
0.0,0.0,0.0010769410680246296
0.0,0.00011006811732617898,0.0
0.0006317892597967907,0.0,0.0
0.0017577063805771975,0.0,0.0029390888189970987
0.0,0.0004402724693047159,0.0
0.0005189697491187924,0.0,0.0
0.0010378636365321692,0.0030820306378380236,0.0
0.0,0.0005503405866308949,0.0
0.0,0.0,1.9580746691356904e-05
0.0,3.6689372442059656e-05,0.0
0.0012635785195935815,0.0,0.0
0.0,0.0,0.0007244876275802055
0.0,0.0,7.832298676542761e-05
0.0,3.6689372442059656e-05,0.0
0.00018671866654286381,0.0,0.000562454886516529
0.0006464051707581437,0.0,0.0005747388476709502
0.0,0.0,0.0004503571739012088
2.2563902135599666e-05,0.0,0.0
0.0,0.006545943016483523,0.017164184231507472
0.0,0.001835713873785718,0.0007629845427446591
0.0,0.0,0.000607003147432064
2.2563902135599666e-05,0.0,0.0
0.0007220448683391893,0.0,0.0
0.0,0.0013301267881019048,0.0005237118386928038
0.0,0.0,0.00013706522683949832
4.512780427119933e-05,0.0,0.0
0.0,0.00040358309686265624,0.0
0.0,0.002238051718965639,0.0
0.0,0.0007337874488411932,0.0
0.0,0.00539333774898277,0.0
0.0,0.0002533553035113795,9.975579935158512e-05
0.0,0.0,0.0006265838941234209
0.0,0.002589276267150625,0.0011832072822301994
0.0,0.0,0.0015860404819999093
0.0,0.0006970980763991335,0.0
6.769170640679901e-05,0.0,0.0
0.0,0.0,0.00013706522683949832
0.0015794731494919768,0.0,0.0
0.004242013601492738,0.0,0.0
0.0003206969263149109,0.0,0.00021122082495452735
0.0,0.0,0.00013706522683949832
0.0005640975533899917,0.0,0.0
0.0,0.0,0.00027413045367899664
0.0,0.0,0.00015664597353085523
0.0,3.6689372442059656e-05,0.0
6.769170640679901e-05,0.0,0.0
0.0,0.00040358309686265624,0.0
2.2563902135599666e-05,0.0,0.0
0.0,0.0,0.000411195680518495
0.0,7.337874488411931e-05,0.0
0.00013538341281359802,0.0,0.0
0.00023560306977499947,0.0004954040123615262,0.00021647985096503485
0.000744608770474789,0.0,0.0
0.00814556867095148,0.0,0.0
0.0017599843665767742,0.0,0.0
0.0,0.0,0.00019580746691356905
0.00024820292349159634,0.0,0.0
9.025560854239866e-05,0.0,0.0
0.0,0.0,0.008811336011110607
0.0,0.0,0.0007049068808888486
0.0,0.0,0.0018601709356789058
0.0,0.0,0.00027413045367899664
0.0,0.00014675748976823862,0.0
0.0,7.337874488411931e-05,0.0
0.00011281951067799833,0.0,0.0
0.0,0.0,0.0007440683742715624
0.003204074103255153,0.0,0.0
0.0,3.6689372442059656e-05,0.0
0.0,0.0,0.000411195680518495
0.0,0.0,0.0026434008033331823
0.0,0.0,5.874224007407071e-05
4.512780427119933e-05,0.0,0.0
0.0,7.337874488411931e-05,0.0
0.0,0.0,0.00015664597353085523
0.00024820292349159634,0.0,0.0
0.0,0.00029351497953647725,0.0
0.0,0.0,0.00011748448014814142
0.0,0.0,1.9580746691356904e-05
0.0,0.0,0.002897950510320822
0.0,0.0015810894983182692,0.0006834867809414536
0.0,0.0,0.0006657453875061347
0.0,0.001944536739429162,0.0
0.0,0.000500567984974257,0.002317510496579517
0.0,0.007081048881317514,0.0
9.025560854239866e-05,0.0,0.0
0.0001579473149491977,0.0,0.0
0.0,0.00046469402696239996,0.0005156466225471539
0.0,0.0,0.0005286801606666364
0.0,0.0,0.0007244876275802055
0.00036102243416959466,0.0,0.0
0.0,0.0016849281682671708,0.00037351942688863696
0.0,0.0,0.0007440683742715624
0.0,0.0002568256070944176,0.0
0.0025354237044262836,0.0010872394042809987,0.0
0.0,0.0,0.00019580746691356905
0.0,0.0019909338025531505,0.0003081110508089584
0.0,0.0006604087039570739,0.0
4.512780427119933e-05,0.0,0.0
0.0,0.0,0.0011748448014814142
0.0,0.0,0.0019776554158270473
0.0,0.00047696184174677556,0.0
0.01029656997266779,0.0,0.0007180394222713011
0.0,0.0,0.00021538821360492593
4.512780427119933e-05,0.0,0.0
0.0,0.0,0.00013706522683949832
0.0,0.0,0.00043077642720985187
0.0,0.0,3.916149338271381e-05
0.00036102243416959466,0.0,0.0
0.0,0.0,0.0005286801606666364
0.0,0.0,0.0009790373345678453
0.0,0.0,0.0026042393099504684
0.0,0.0,0.0009007143478024176
0.0,0.0,0.00027413045367899664
0.000744608770474789,0.0,0.0
0.0004657232832604076,0.00019664797418610916,0.0
0.0,0.003712145553385018,0.00023148986974640788
0.0,0.0,7.832298676542761e-05
0.0003158946298983954,0.0,0.0
0.006724042836408701,0.0,0.0
0.00018051121708479733,0.0,0.0
0.0001579473149491977,0.0,0.0
0.0,0.0,0.00043077642720985187
0.0007897365747459884,0.0,0.0
0.0,0.00033020435197853693,0.0
0.0,0.0,3.916149338271381e-05
0.00027076682562719603,0.0,0.0
0.0,0.015007834710806921,0.0013696481938630944
0.0015584376903639743,0.0027125282807096388,0.0
0.0004287141405763937,0.0,0.0
2.2563902135599666e-05,0.0,0.0
0.0,0.007044359508875455,0.0
0.0,0.00036663738826651,0.0005092362179860031
0.0,0.0,0.0006461646408147778
0.0,0.0020912942291974007,0.0
0.0,0.0,0.0006461646408147778
0.0,0.0,3.916149338271381e-05
0.0,0.0,0.00043077642720985187
0.0,0.0,0.005228059366592293
0.0,0.0001834468622102983,0.0
0.0,0.0,0.0006853261341974917
0.0,0.007264495743527812,0.0
0.0007671726726103887,0.0,0.0
0.000203075119220397,0.0,0.0
0.0004964058469831927,0.0,0.0
0.00038358633630519436,0.0,0.0
0.0,0.0,5.874224007407071e-05
0.00018051121708479733,0.0,0.0
0.00018051121708479733,0.0,0.0
0.0003158946298983954,0.0,0.0
4.512780427119933e-05,0.0,0.0
0.0004287141405763937,0.0,0.0
0.0,0.0,3.916149338271381e-05
0.00047384194484759303,0.0,0.0
4.512780427119933e-05,0.0,0.0
0.0,0.0,7.832298676542761e-05
0.0,0.0,0.0018014286956048351
0.0,0.006347261432476321,0.0
0.0,0.0009906130559356107,0.0
0.002042515257618163,0.003199478492314592,0.0006711130633500626
0.0007728069005250853,0.0,0.00032798336260209663
0.0,0.0064573295498025,0.0
0.0,0.0010639918008197302,0.0
0.0,0.00979606244202993,0.0
0.0,0.0015409536425665057,0.0
0.0,0.001284128035472088,0.0
0.00011281951067799833,0.0,0.0
0.00011281951067799833,0.0,0.0
0.0,0.0,0.0003916149338271381
7.621656051140791e-05,0.00013289590034196866,0.0
0.0,0.0,3.916149338271381e-05
0.0,0.0,0.00011748448014814142
0.0,0.0,0.0006657453875061347
0.0,0.0,0.0009398758411851314
0.0,0.0,0.00011748448014814142
0.0,0.0,0.0003916149338271381
0.0,0.0,5.874224007407071e-05
0.0006688268544188311,0.0,0.000692346743703248
0.0,0.00022013623465235796,0.0
0.012996807630105408,0.0,0.0
0.00047384194484759303,0.0,0.0
2.2563902135599666e-05,0.0,0.0
2.2563902135599666e-05,0.0,0.0
0.000406150238440794,0.0,0.0
0.0,7.337874488411931e-05,0.0
0.0,0.0,0.0007636491209629193
0.0,0.0,3.916149338271381e-05
0.00606968967447631,0.0,0.0
0.000406150238440794,0.0,0.0
0.0,0.011887356671227329,0.0
0.0005306274624016864,0.0,0.0005577251977103256
0.0,0.0,5.874224007407071e-05
0.00013538341281359802,0.0,0.0
0.0009476838896951861,0.0,0.0
0.0,0.0,0.0011356833080987004
0.0016471648558987757,0.0,0.0
0.0,0.0,5.874224007407071e-05
0.00011281951067799833,0.0,0.0
0.0001579473149491977,0.0,0.0
0.0,0.0,9.790373345678453e-05
0.0,0.0,1.9580746691356904e-05
6.769170640679901e-05,0.0,0.0
0.0005415336512543921,0.0,0.0
0.00047384194484759303,0.0,0.0
0.0,0.003412111637111548,0.0
0.0009251199875595864,0.0,0.0
0.0,7.337874488411931e-05,0.0
0.0,0.00022013623465235796,0.0
0.0,0.0,0.0006265838941234209
0.0,0.0008438555661673721,0.0
0.0,0.0,1.9580746691356904e-05
0.0,0.00014675748976823862,0.0
0.0,0.00011006811732617898,0.0
0.00018051121708479733,0.0,0.0
0.0,0.0,0.0006657453875061347
0.0,0.0,3.916149338271381e-05
4.512780427119933e-05,0.0,0.0
2.2563902135599666e-05,0.0,0.0
0.0,7.337874488411931e-05,0.0
6.769170640679901e-05,0.0,0.0
0.00067691706406799,0.0,0.0
0.0,0.0,0.0004895186672839227
0.001624600953763176,0.0,0.0
0.00026353803311670443,0.00155270780898373,0.0
0.0007072376142293647,0.0018952348965637974,0.0
0.0,0.0,0.0014685560018517679
0.0,0.0,0.0005678416540493502
0.0,0.014712438349265923,0.0
0.0016471648558987757,0.0,0.0
0.0,0.0,0.0016839442154566939
0.0,0.0,7.832298676542761e-05
0.0,0.0002568256070944176,0.0
0.0,0.0017977792496609232,0.0
0.0,0.0,0.0009790373345678453
0.0,0.0002568256070944176,0.0
0.0,0.0,0.00031329194706171046
0.0,0.0,0.012316289668863493
0.0,0.00035239085908827524,0.0009476158736105839
0.0,0.0,0.0014098137617776971
0.00011281951067799833,0.0,0.0
4.512780427119933e-05,0.0,0.0
0.0,0.0,0.0015272982419258386
4.512780427119933e-05,0.0,0.0
0.0,7.337874488411931e-05,0.0
0.0004287141405763937,0.0,0.0
0.001150759008915583,0.0,0.0
0.0,0.0012474386630300285,0.0
0.0001579473149491977,0.0,0.0
4.512780427119933e-05,0.0,0.0
0.0,3.6689372442059656e-05,0.0
0.0001579473149491977,0.0,0.0
0.0,0.0,0.0007049068808888486
2.2563902135599666e-05,0.0,0.0
0.00038358633630519436,0.0,0.0
0.0,0.0,0.0003720341871357812
0.000992792895826804,0.003889104045022819,0.0
0.0,0.003194225013046046,0.00027292985928003335
0.0,0.0,0.0005678416540493502
0.0009305013030396995,0.0010919310427794122,0.0
0.0,0.0,7.832298676542761e-05
0.0,0.0006237193315150142,0.0
0.0,0.0,0.001429394508469054
0.001015375596101985,0.0,0.0
0.0,0.00322866477490125,0.0
0.0,0.0,0.0005874224007407071
2.2563902135599666e-05,0.0,0.0
4.512780427119933e-05,0.0,0.0
2.2563902135599666e-05,0.0,0.0
0.0,0.0,0.00029371120037035355
0.00013538341281359802,0.0,0.0
0.0,0.0,0.0025650778165677546
0.0,0.0039031595765877895,0.0022834297551143005
0.0,0.0,0.00011748448014814142
0.0015569092473563771,0.0,0.0
0.0,0.0009539236834935511,0.0
0.0,0.00011006811732617898,0.0
4.512780427119933e-05,0.0,0.0
0.0,0.030268732264699217,0.0
0.000203075119220397,0.0,0.0
0.0,3.6689372442059656e-05,0.0
0.0,0.0,0.0006461646408147778
0.0,0.0,1.9580746691356904e-05
0.0,0.00019183275827141795,0.00013258975899626548
0.0,0.0006604087039570739,0.0
0.0,0.0,5.874224007407071e-05
0.0010967339760087932,0.0,0.0003601743736022455
0.000993098041929352,0.0,0.00027388196355105976
0.0008348643790171877,0.0,0.0
9.025560854239866e-05,0.0,0.0
0.00027076682562719603,0.0,0.0
0.00011281951067799833,0.0,0.0
0.0008574282811527874,0.0,0.0
0.00047384194484759303,0.0,0.0
0.0,0.00011006811732617898,0.0
0.0,0.0011345144863776709,0.002214148626075812
0.003948682873729942,0.0,0.0
2.2563902135599666e-05,0.0,0.0
2.2563902135599666e-05,0.0,0.0
0.0,0.0,3.916149338271381e-05
0.0,0.0009906130559356107,0.0
0.0,0.0,0.0007244876275802055
9.025560854239866e-05,0.0,0.0
0.0,0.003008528540248892,0.0
0.0,0.006970980763991335,0.0
0.001965787790289762,0.0028940241432817903,0.0
0.0,0.007411253233296051,0.0
9.123262196238666e-05,0.0,3.831365012511263e-05
0.0,0.004109209713510682,0.0
4.512780427119933e-05,0.0,0.0
0.0,0.0,1.9580746691356904e-05
0.0002933307277627957,0.0,0.0
0.0,0.0,3.916149338271381e-05
4.512780427119933e-05,0.0,0.0
0.00011281951067799833,0.0,0.0
0.00047384194484759303,0.0,0.0
0.0028204877669499584,0.0,0.0
4.512780427119933e-05,0.0,0.0
0.0,0.0,0.00019580746691356905
2.2563902135599666e-05,0.0,0.0
0.0,0.0,0.0005678416540493502
0.0,0.0015618535182240843,0.003963737526261888
0.0,0.0,0.0008615528544197037
0.0,0.0,0.0009790373345678453
0.0,0.0,9.790373345678453e-05
0.0,0.0006237193315150142,0.0
0.0,0.010493160518429063,0.0
0.0,0.0,0.001233587041555485
0.0,0.0,0.000607003147432064
0.0,0.010419781773544943,0.0
0.0,0.0,0.0014881367485431248
0.0,0.0,0.0005286801606666364
0.0,0.0,1.9580746691356904e-05
0.00013538341281359802,0.0,0.0
0.0,0.0,0.00015664597353085523
0.001314566897987019,0.0,0.0030690914782354846
0.0,0.0,7.832298676542761e-05
0.0014440897366783786,0.0,0.0
0.0,0.0012474386630300285,0.0
0.0,0.007704768212832528,0.0
0.0,0.0,0.0007440683742715624
0.0,0.0,0.0003720341871357812
0.0,3.6689372442059656e-05,0.0
0.0018502399751191727,0.0,0.0
0.0,0.0,0.0005874224007407071
0.0,0.0,1.9580746691356904e-05
0.00047384194484759303,0.0,0.0
0.002527157039187163,0.0,0.0
0.0016290058712726126,0.0,0.00023114641340566717
4.512780427119933e-05,0.0,0.0
0.0,0.004879686534793934,0.0
4.512780427119933e-05,0.0,0.0
0.0008449687902791491,0.0,0.00026536193854377035
0.0,0.0,9.790373345678453e-05
0.0,0.0,5.874224007407071e-05
0.0,0.0008071661937253125,0.0
0.0009476838896951861,0.0,0.0
0.001015375596101985,0.0,0.0
0.00018051121708479733,0.0,0.0
0.000609225357661191,0.0,0.0
0.0003158946298983954,0.0,0.0
0.0,0.0,0.004288183525407162
0.0011733229110511827,0.0,0.0
0.0023466458221023654,0.0,0.0
0.0,0.0,0.00017622672022221214
0.0,0.0,0.0003524534404444243
0.0,0.0017610898772188637,0.0
0.0,0.0,0.00031329194706171046
0.000812300476881588,0.0,0.0
0.0012635785195935815,0.0,0.0
0.0,0.0008071661937253125,0.0
0.0001579473149491977,0.0,0.0
0.0,0.0,0.0006657453875061347
0.0,0.0,0.0006265838941234209
0.00011281951067799833,0.0,0.0
0.0006317892597967907,0.0,0.0
6.769170640679901e-05,0.0,0.0
4.512780427119933e-05,0.0,0.0
0.005257389197594722,0.0,0.0
6.769170640679901e-05,0.0,0.0
4.512780427119933e-05,0.0,0.0
0.0,0.0,9.790373345678453e-05
0.00022563902135599667,0.0,0.0
0.0002933307277627957,0.0,0.0
0.0024143375285091643,0.0,0.0
9.025560854239866e-05,0.0,0.0
0.0,0.0,3.916149338271381e-05
0.00011281951067799833,0.0,0.0
0.0006221368812801581,0.000754970803837914,0.0014852076516831383
0.004941494567696327,0.0,0.0
0.0,0.0,0.001214006294864128
0.0,0.0,0.0014685560018517679
0.0019856233879327707,0.0,0.0
0.0,0.00033020435197853693,0.0
0.01290655202156301,0.0,0.0
0.0,0.0,9.790373345678453e-05
0.0,0.0,0.00013706522683949832
0.00011523742686962939,0.0004730302599150818,0.0
0.0007220448683391893,0.0,0.0
0.0020977155890680443,0.0004047657172504476,0.0
0.0030104873131288775,0.0004982229944644713,0.0
0.0,0.0,0.00023496896029628284
0.0009251199875595864,0.0,0.0
8.857167106253235e-05,0.0,0.0003147532525149603
0.00013538341281359802,0.0,0.0
0.0,0.00014675748976823862,0.0
0.00013538341281359802,0.0,0.0
0.0,0.0,0.0017426864555307644
0.0,0.0,0.0014098137617776971
0.0,0.0001834468622102983,0.0
2.2563902135599666e-05,0.0,0.0
0.0029558711797635566,0.0,0.0
0.0,0.0,0.0014098137617776971
6.769170640679901e-05,0.0,0.0
0.0,0.0007704768212832529,0.0
0.0007413888598212958,0.0,0.001432188717311832
0.00067691706406799,0.0,0.0
0.0,0.0005136512141888352,0.0
0.000338458532033995,0.0,0.0
6.769170640679901e-05,0.0,0.0
0.0,0.0,0.0003916149338271381
0.0,0.0001834468622102983,0.0
0.0006317892597967907,0.0,0.0
0.0001579473149491977,0.0,0.0
2.2563902135599666e-05,0.0,0.0
0.000203075119220397,0.0,0.0
0.00013538341281359802,0.0,0.0
0.0007897365747459884,0.0,0.0
0.000338458532033995,0.0,0.0
0.0,0.0,9.790373345678453e-05
0.0,0.0,1.9580746691356904e-05
2.2563902135599666e-05,0.0,0.0
0.0,0.0002568256070944176,0.0
9.025560854239866e-05,0.0,0.0
0.00011281951067799833,0.0,0.0
0.000203075119220397,0.0,0.0
0.0,0.0002568256070944176,0.0
0.0,0.0,9.790373345678453e-05
0.0,0.00047696184174677556,0.0
0.0,0.002238051718965639,0.0
0.001489217540949578,0.0,0.0
0.0028430516690855583,0.0,0.0
0.0,0.0,5.874224007407071e-05
0.0008307238991668214,0.0,0.0003756272574586125
0.0,0.0,5.874224007407071e-05
0.0012734932772365552,0.0,0.0012445638527774107
0.00047384194484759303,0.0,0.0
0.00024820292349159634,0.0,0.0
0.000338458532033995,0.0,0.0
0.000812300476881588,0.0,0.0
0.00011281951067799833,0.0,0.0
0.0,0.0,0.00023496896029628284
0.0,0.0005870299590729545,0.0
0.0,0.0,0.0003524534404444243
0.0003158946298983954,0.0,0.0
0.0,0.0004402724693047159,0.0
0.010605034003731844,0.0,0.0
0.0,0.0,0.00019580746691356905
0.0,0.0,3.916149338271381e-05
0.0009025560854239867,0.0,0.0
0.00047384194484759303,0.0,0.0
0.0004287141405763937,0.0,0.0
0.001355686350192784,0.0,0.0015648523940476095
0.00011281951067799833,0.0,0.0
0.0006161781015574805,0.0,0.0020891063687853884
0.0,0.0,0.0009790373345678453
0.00022563902135599667,0.0,0.0
0.0,0.00022013623465235796,0.0
0.000203075119220397,0.0,0.0
0.0004287141405763937,0.0,0.0
0.001150759008915583,0.0,0.0
0.0,0.0,0.00023496896029628284
0.00011281951067799833,0.0,0.0
0.0,0.0,0.00031329194706171046
0.00046508249021010565,0.0,0.00022298958775467752
0.0033168936139331513,0.0,0.0
0.0008574282811527874,0.0,0.0
0.0,0.00033020435197853693,0.0
0.0052799530997303225,0.0,0.0
0.0,0.0,0.0003524534404444243
0.0,0.0,0.0019580746691356906
0.0,0.0,0.00017622672022221214
2.2563902135599666e-05,0.0,0.0
0.0,0.0,0.00033287269375306737
0.001658650016531302,0.0,0.0003816482170906652
0.00018051121708479733,0.0,0.0
0.0002933307277627957,0.0,0.0
0.00022563902135599667,0.0,0.0
0.0005866614555255914,0.0,0.0
0.0,7.337874488411931e-05,0.0
0.0,0.0,5.874224007407071e-05
0.00024820292349159634,0.0,0.0
0.0,0.00014675748976823862,0.0
0.0,0.0,0.00021538821360492593
0.0,7.337874488411931e-05,0.0
2.2563902135599666e-05,0.0,0.0
0.0,0.0,0.004836444432765155
0.0,0.0,0.00021538821360492593
6.769170640679901e-05,0.0,0.0
0.00013538341281359802,0.0,0.0
0.0,0.00047696184174677556,0.0
0.0,0.00047696184174677556,0.0
0.00024820292349159634,0.0,0.0
0.0,0.0,0.0032112424573825325
0.0032888944637410734,0.0,0.02428484255554315
0.0010089972926487201,0.0,0.004685333492292342
0.0,3.6689372442059656e-05,0.0
6.769170640679901e-05,0.0,0.0
0.0011056312046443836,0.0,0.0
0.0,0.0,0.006990326568814415
0.0,0.0,0.00015664597353085523
0.0,0.0,9.790373345678453e-05
0.0,0.0,0.0002545497069876398
0.0004964058469831927,0.0,0.0
2.2563902135599666e-05,0.0,0.0
0.0,7.337874488411931e-05,0.0
0.00027076682562719603,0.0,0.0
0.0,0.0,3.916149338271381e-05
0.0,0.0,0.00017622672022221214
4.512780427119933e-05,0.0,0.0
0.0015343453452207774,0.0,0.0
0.0,0.0,0.0003720341871357812
0.0,0.0,0.0006657453875061347
0.0,0.0008071661937253125,0.0
0.0,0.0,0.00029371120037035355
0.004670727742069131,0.0,0.0
0.0,0.00040358309686265624,0.0
0.003249201907526352,0.0,0.0
0.001145667389715314,0.0,0.00137507072869543
0.0,0.0,7.832298676542761e-05
0.000980947463002836,0.0,0.0007347832980625946
0.0,0.0,0.0004503571739012088
0.00024820292349159634,0.0,0.0
0.0003158946298983954,0.0,0.0
0.007175320879120694,0.0,0.0
0.0,0.0,3.916149338271381e-05
0.0,0.0005136512141888352,0.0
0.0,0.0,0.0003720341871357812
0.0,0.00011006811732617898,0.0
0.0,0.0001834468622102983,0.0
0.0,0.00022013623465235796,0.0
0.0,3.6689372442059656e-05,0.0
0.0,0.0,0.00011748448014814142
0.0,0.0,0.004131537551876307
0.0,3.6689372442059656e-05,0.0
0.0012340212059708305,0.0,0.0010242676461015776
0.00036102243416959466,0.0,0.0
0.0,0.0,3.916149338271381e-05
2.2563902135599666e-05,0.0,0.0
4.512780427119933e-05,0.0,0.0
0.0,0.0,7.832298676542761e-05
4.512780427119933e-05,0.0,0.0
0.0,0.0,0.00033287269375306737
0.00018051121708479733,0.0,0.0
0.0,0.0008438555661673721,0.0
0.0018502399751191727,0.0,0.0
0.002910743375492357,0.0,0.0
0.0,0.0,0.0008419721077283469
0.004309705307899536,0.0,0.0
0.0,0.00033020435197853693,0.0
0.0017800195163845908,0.0,0.0005308745886728354
0.00036095529203054004,0.00040282019948511036,0.0008815990170497593
0.0017061212392175307,0.0,0.004569894412099305
0.0,0.0021279836016394604,0.0
0.0,0.00033020435197853693,0.0
0.0,0.011337016084596434,0.0
0.0,0.0,0.0005286801606666364
0.0,0.001834468622102983,0.0
0.0,7.337874488411931e-05,0.0
0.0,0.0023848092087338777,0.0
0.0,0.0013575067803562075,0.0
0.0005189697491187924,0.0,0.0
0.0,0.010493160518429063,0.0
0.0,0.013501689058677954,0.0
0.0007220448683391893,0.0,0.0
0.0006317892597967907,0.0,0.0
0.0001579473149491977,0.0,0.0
0.00018051121708479733,0.0,0.0
0.0,0.0,0.00011748448014814142
0.0003856332276816034,0.0,0.00044858090039561903
0.00033733722627036724,0.0,0.0014303675672950134
0.00013538341281359802,0.0,0.0
0.0007897365747459884,0.0,0.0
2.2563902135599666e-05,0.0,0.0
0.0,0.0,0.0008419721077283469
0.0,0.0,0.0003524534404444243
0.0013087063238647807,0.0,0.0
0.0,0.0,0.0004699379205925657
0.0006317892597967907,0.0,0.0
0.0,0.006017057080497784,0.0
0.00036102243416959466,0.0,0.0
0.00013538341281359802,0.0,0.0
0.00018051121708479733,0.0,0.0
0.0005189697491187924,0.0,0.0
0.000406150238440794,0.0,0.0
0.0013087063238647807,0.0,0.0
0.0,0.00029351497953647725,0.0
0.0026205606371550627,0.0,0.005832330717761574
0.0002759044081886024,0.0,0.001855712588796516
0.0,0.0,0.006833680595283559
0.0,0.0,0.0013314907750122695
0.0,0.00011006811732617898,0.0
0.0,0.0,0.00013706522683949832
0.0,0.0,0.0006657453875061347
0.0,0.0,0.0005874224007407071
0.0,0.0,0.0006657453875061347
0.0,0.0,0.0002545497069876398
0.0,0.0,9.790373345678453e-05
0.0,0.0,0.00023496896029628284
0.0,0.005099822769446293,0.0
0.0,0.003999133725512282,0.0009986222817572976
0.0,0.00014675748976823862,0.0
0.0,0.0,0.00033287269375306737
0.0,0.0,3.916149338271381e-05
0.0,0.001647621070668389,0.00023678387371248047
0.0,0.0,0.0007636491209629193
0.0,0.0003668937244205966,0.0
0.0,0.0,0.0005678416540493502
0.0,0.00217354223981113,0.0019337604851018407
0.0005189697491187924,0.0,0.0
0.0010379394982375847,0.0,0.0
0.0001579473149491977,0.0,0.0
0.0,0.0,0.00021538821360492593
0.000203075119220397,0.0,0.0
0.0,0.0,0.00023496896029628284
0.0007466868191854504,0.0,0.00023316564874266825
0.0005866614555255914,0.0,0.0
0.0001579473149491977,0.0,0.0
0.0006543531619323903,0.0,0.0
0.0,0.0,0.00027413045367899664
0.0,0.0,0.0016252019753826231
6.769170640679901e-05,0.0,0.0
0.0,0.0,0.007225295529110698
0.0,0.0003668937244205966,0.0
0.0,0.00029351497953647725,0.0
2.2563902135599666e-05,0.0,0.0
0.0008279152247124481,0.0010386018972776741,0.0
0.00038358633630519436,0.0,0.0
0.003452277026746749,0.0,0.0
0.001651713549175278,0.0,0.0007597018067843418
0.007649162823968287,0.0,0.0
0.0,0.0,0.0015860404819999093
0.00022563902135599667,0.0,0.0
0.0010379394982375847,0.0,0.0
0.000203075119220397,0.0,0.0
0.0,0.0,0.000607003147432064
0.0,0.0,7.832298676542761e-05
0.0,0.0,3.916149338271381e-05
0.000203075119220397,0.0,0.0
0.0,0.0,0.00017622672022221214
0.0013628841750172637,0.0,0.0014215409610435074
0.001218450715322382,0.0,0.0
0.0,0.0,0.0006853261341974917
0.0,0.0,3.916149338271381e-05
0.0010646314883141301,0.0,0.003520952087706404
0.0,0.0,0.0003916149338271381
0.0,0.0,7.832298676542761e-05
0.001489217540949578,0.0,0.0
4.512780427119933e-05,0.0,0.0
2.2563902135599666e-05,0.0,0.0
0.00045127804271199334,0.0,0.0
0.0018502399751191727,0.0,0.0
0.00013538341281359802,0.0,0.0
0.0,0.0,7.832298676542761e-05
0.0,0.0023848092087338777,0.0
0.0,3.6689372442059656e-05,0.0
0.0,3.6689372442059656e-05,0.0
0.0,0.0,9.790373345678453e-05
0.0,0.0,0.0011356833080987004
0.0,0.001060008079384449,0.00025667577879321117
0.0,0.0008915384262895364,0.0009535894747810374
0.0,0.00011006811732617898,0.0
0.00011281951067799833,0.0,0.0
0.0,0.0,0.00033287269375306737
0.0,3.6689372442059656e-05,0.0
0.0,0.0,3.916149338271381e-05
0.0,0.0,0.00031329194706171046
0.0,0.0,0.0023301088562714717
0.0,0.0,0.0005482609073579933
0.0008574282811527874,0.0,0.0
0.0002933307277627957,0.0,0.0
0.0039035550694587425,0.0,0.0
0.007568846052373987,0.0,0.001440350423891522
0.00313916128084137,0.0,0.0020144054192456178
0.0030235628861703555,0.0,0.0
0.013064499336512207,0.0,0.0
0.0,0.0007435180177938815,0.0003276795875987917
0.0005866614555255914,0.0,0.0
0.0,0.00011006811732617898,0.0
0.0,0.001284128035472088,0.0
0.0,0.0,0.00011748448014814142
0.0006543531619323903,0.0,0.0
0.0,0.0,0.00023496896029628284
0.0,0.0,0.00043077642720985187
0.0,0.0,0.00015664597353085523
2.2563902135599666e-05,0.0,0.0
0.0,0.0,0.00011748448014814142
0.0006994809662035897,0.0,0.0
0.0,0.0,0.0006461646408147778
0.0,0.0,0.0004699379205925657
0.0,0.0,0.0004895186672839227
0.0,0.0,7.832298676542761e-05
0.0,0.001844928138985748,0.0027944646385781127
0.0,0.0,0.0029762734970862495
0.0,0.0,3.916149338271381e-05
0.0005640975533899917,0.0,0.0
0.0019854600526134024,0.0,0.001625343716270128
0.0013351275571443014,0.0031490139296454296,0.0
0.0,3.6689372442059656e-05,0.0
0.0,0.0,0.00033287269375306737
0.004884198158731058,0.0,0.0018119884988104145
0.0,0.0,0.0037595033647405255
0.0,0.0,0.00011748448014814142
6.769170640679901e-05,0.0,0.0
0.0043322692100351366,0.0,0.0
2.2563902135599666e-05,0.0,0.0
0.00036971972324104205,0.0003160623797229871,0.0
0.0017788903707856535,0.0004829096595746463,0.0
0.00027076682562719603,0.0,0.0
0.0,0.00014675748976823862,0.0
0.0,3.6689372442059656e-05,0.0
0.0,0.00014675748976823862,0.0
0.0,0.001944536739429162,0.0
0.0,0.0,7.832298676542761e-05
0.0,0.00014675748976823862,0.0
0.0,0.008724542326347383,0.004762139231438123
0.0,0.0,0.000411195680518495
0.0,0.0011733175351841829,0.00047033412286461316
0.0,0.0,7.832298676542761e-05
0.0,0.0,0.0023301088562714717
0.00038358633630519436,0.0,0.0
0.0,0.0,0.0021538821360492593
0.0,0.012217561023205866,0.0
0.0,0.0,0.0011161025614073435
0.0,0.0,0.003681180377975098
0.0,0.0,0.0011161025614073435
0.0,0.0,0.0015664597353085524
0.0,0.0,0.005541351313654004
0.0,0.0,0.0003720341871357812
0.0,0.0,0.0017622672022221213
0.0,0.0,1.9580746691356904e-05
0.0,0.0,0.002193043629431973
0.0,0.0,0.0003720341871357812
0.0,0.0,0.00019580746691356905
0.0002097857152743498,0.0,0.00015082258001093932
9.025560854239866e-05,0.0,0.0
0.0,3.6689372442059656e-05,0.0
0.0035199687331535483,0.0,0.0
9.025560854239866e-05,0.0,0.0
0.000203075119220397,0.0,0.0
0.000203075119220397,0.0,0.0
0.0001579473149491977,0.0,0.0
0.0002933307277627957,0.0,0.0
0.0002344822488938471,0.0002791357083104168,0.0
0.0,0.00014675748976823862,0.0
0.0,0.0,0.0007049068808888486
0.00013538341281359802,0.0,0.0
0.0003158946298983954,0.0,0.0
4.512780427119933e-05,0.0,0.0
0.003204074103255153,0.0,0.0
0.02527157039187163,0.0,0.0
0.0,0.0,0.00029371120037035355
2.2563902135599666e-05,0.0,0.0
2.2563902135599666e-05,0.0,0.0
4.512780427119933e-05,0.0,0.0
0.0,7.337874488411931e-05,0.0
0.003587660439560347,0.0,0.0
0.0005640975533899917,0.0,0.0
2.5999847219292595e-05,3.1102454536260865e-05,0.0
0.0,0.0,0.004229441285333091
4.512780427119933e-05,0.0,0.0
0.0011281951067799833,0.0,0.0
0.00024820292349159634,0.0,0.0
6.769170640679901e-05,0.0,0.0
0.0,0.0,0.00015664597353085523
0.0006821544269409229,0.0006116168593312813,0.004427162783827437
0.0,0.0009172343110514915,0.0
0.0,0.0,0.0023496896029628284
0.0,0.0,0.00411195680518495
0.0014440897366783786,0.0,0.0
0.0005176418303207902,0.0,0.0014109661174941035
0.0043949797076113396,0.0,0.002079881796481221
0.0,0.0,0.0007440683742715624
0.0,0.0,0.0009594565878764883
0.00043898119121112453,0.0,0.0007547394688762432
0.0,0.0,0.0017231057088394075
0.0,0.0,0.0005678416540493502
0.0,0.0,0.001448975255160411
0.0,0.0,0.0016252019753826231
0.0,0.0,0.00019580746691356905
0.0,0.001124412334966753,0.0011621797206935007
0.0,0.00011006811732617898,0.0
0.0029333072776279567,0.0,0.0
0.0,0.0,0.0011748448014814142
0.00013538341281359802,0.0,0.0
0.0,0.0,5.874224007407071e-05
0.0002943109205347474,0.0,0.0009977674789892156
0.0,0.0,0.005874224007407071
0.0,0.0004402724693047159,0.0
0.0,0.0,0.00011748448014814142
0.0,0.0,3.916149338271381e-05
0.0001579473149491977,0.0,0.0
0.0,0.0,1.9580746691356904e-05
0.0,0.0,0.008556786304122967
0.0,0.0,0.00303501573716032
2.2563902135599666e-05,0.0,0.0
0.0,0.0008102942651120925,0.00023329954026044686
0.0,7.337874488411931e-05,0.0
0.0,0.0001834468622102983,0.0
6.769170640679901e-05,0.0,0.0
2.2563902135599666e-05,0.0,0.0
0.0,0.0003668937244205966,0.0
0.0007220448683391893,0.0,0.0
0.0,3.6689372442059656e-05,0.0
0.0,0.0,7.832298676542761e-05
0.0,3.6689372442059656e-05,0.0
4.512780427119933e-05,0.0,0.0
4.512780427119933e-05,0.0,0.0
2.2563902135599666e-05,0.0,0.0
2.2563902135599666e-05,0.0,0.0
0.0,0.0,0.0005678416540493502
0.0,3.6689372442059656e-05,0.0
0.0,0.001284128035472088,0.0
2.2563902135599666e-05,0.0,0.0
0.0007220448683391893,0.0,0.0
0.0,0.0,0.00019580746691356905
0.0,0.0,1.9580746691356904e-05
0.0,0.0006604087039570739,0.0
0.0,0.0033754222646694885,0.0
0.0,0.0006604087039570739,0.0
0.0,0.0,7.832298676542761e-05
0.0,0.0,0.0003720341871357812
0.0005866614555255914,0.0,0.0
0.00011281951067799833,0.0,0.0
0.0,0.0,0.00017622672022221214
0.0,0.0,0.00013706522683949832
0.000203075119220397,0.0,0.0
0.0,7.337874488411931e-05,0.0
4.512780427119933e-05,0.0,0.0
0.0,0.0,0.00029371120037035355
9.025560854239866e-05,0.0,0.0
0.0013211718135824068,0.0007689086020406015,0.002202643881561385
0.0009928116939663854,0.0,0.0
0.000338458532033995,0.0,0.0
0.0,3.6689372442059656e-05,0.0
0.0,0.0,9.790373345678453e-05
0.0,0.0,0.00011748448014814142
0.0,0.0,0.00043077642720985187
0.0,0.00011006811732617898,0.0
0.0,0.0,0.0005874224007407071
0.0,3.6689372442059656e-05,0.0
0.0,0.0,0.00043077642720985187
0.0,0.0,0.00033287269375306737
0.0,0.0,0.0005286801606666364
0.0,0.0,0.0003524534404444243
0.0,7.337874488411931e-05,0.0
0.0,0.0,0.00017622672022221214
0.00013538341281359802,0.0,0.0
0.0,7.337874488411931e-05,0.0
4.512780427119933e-05,0.0,0.0
0.0,0.0,5.874224007407071e-05
0.0,0.0,0.00013706522683949832
0.0,0.0009539236834935511,0.0
0.0,7.337874488411931e-05,0.0
0.0035991308863822405,0.0019258855552059617,0.0
0.0,0.0,0.0011161025614073435
0.00018051121708479733,0.0,0.0
0.0,0.0,0.0044252487522466605
0.0,0.0013575067803562075,0.0
0.002436901430644764,0.0,0.0
0.0,0.0,7.832298676542761e-05
0.0011281951067799833,0.0,0.0
0.0,0.0,3.916149338271381e-05
0.0007534402123165259,0.0,0.000873469757127725
0.0,0.0,0.0004503571739012088
0.0,0.00022013623465235796,0.0
0.0,0.004109791990133207,0.001820698687156731
0.0,0.0,0.0012923292816295557
0.0,0.0,0.000411195680518495
2.2563902135599666e-05,0.0,0.0
0.0,0.0,1.9580746691356904e-05
2.2563902135599666e-05,0.0,0.0
0.0,0.0,0.0014685560018517679
0.0,0.00033020435197853693,0.0
0.007494041215406959,0.0,0.00123113491954784
0.0,0.0,0.0002545497069876398
0.0,0.0,0.0023105281095801146
0.00039060907881753446,0.0,0.00494783464156846
2.2563902135599666e-05,0.0,0.0
6.769170640679901e-05,0.0,0.0
9.025560854239866e-05,0.0,0.0
0.0,0.0,0.0004699379205925657
0.0,0.0,1.9580746691356904e-05
0.0022789541156955665,0.0,0.0
0.0005640975533899917,0.0,0.0
0.0025497209413227625,0.0,0.0
0.0,0.00011006811732617898,0.0
0.006363020402239106,0.0,0.0
4.512780427119933e-05,0.0,0.0
0.0,0.00029351497953647725,0.0
0.0,0.0002568256070944176,0.0
0.0,0.0,3.916149338271381e-05
0.0,0.0,7.832298676542761e-05
0.0,7.337874488411931e-05,0.0
0.0,0.0,5.874224007407071e-05
0.0004964058469831927,0.0,0.0
0.0039261189715943424,0.0,0.0
0.0012898403731225773,0.0033327199466327523,0.0
0.0,0.00040358309686265624,0.0
9.025560854239866e-05,0.0,0.0
0.0,0.0,0.001664363468765337
0.00047384194484759303,0.0,0.0
0.00024820292349159634,0.0,0.0
9.025560854239866e-05,0.0,0.0
0.0,0.0,1.9580746691356904e-05
9.025560854239866e-05,0.0,0.0
4.512780427119933e-05,0.0,0.0
0.0008799921832883871,0.0,0.0
0.0,0.0,0.0009398758411851314
0.0,0.0,9.790373345678453e-05
0.0,0.0,0.00272172379009861
0.00030258207191900425,0.0,0.0004619096892437209
0.0,0.0,7.832298676542761e-05
0.00022563902135599667,0.0,0.0
0.0003235272787158364,0.0,0.0021080971002411138
2.2563902135599666e-05,0.0,0.0
0.0,0.0006237193315150142,0.0
0.0,0.006897602019107216,0.0
0.0037959275911527515,0.0,0.008552280706195866
0.00018051121708479733,0.0,0.0
0.0,0.0,0.0007049068808888486
0.0,0.010346403028660824,0.0
0.0,0.004512792810373338,0.0
0.0,0.010236334911334645,0.0
0.0007718680922306926,0.0033310980426262474,0.0
0.0,0.004072520341068622,0.0
0.0,0.00011006811732617898,0.0
0.0,0.0,0.001664363468765337
0.0,0.0,0.00043077642720985187
4.512780427119933e-05,0.0,0.0
4.512780427119933e-05,0.0,0.0
0.0,0.0,0.00033287269375306737
0.0010379394982375847,0.0,0.0
0.0005189697491187924,0.0,0.0
0.0,0.0,0.00015664597353085523
0.0,3.6689372442059656e-05,0.0
0.0,7.337874488411931e-05,0.0
0.0,0.0,0.0003720341871357812
0.0,0.0008071661937253125,0.0
0.0009928116939663854,0.0,0.0
0.001692292660169975,0.0,0.0
0.00067691706406799,0.0,0.0
0.0011733229110511827,0.0,0.0
0.0,0.0,9.790373345678453e-05
0.0,0.0,0.00011748448014814142
0.0,0.0,0.0005090994139752796
0.0,0.0016877111323347442,0.0
0.0,0.001174059918145909,0.0
0.0,0.0005136512141888352,0.0
0.0,0.0,0.0017622672022221213
0.0,0.002238051718965639,0.0
0.0,0.0011373705457038495,0.0
0.0,0.00040358309686265624,0.0
0.0,0.0,1.9580746691356904e-05
4.512780427119933e-05,0.0,0.0
0.0,0.0,0.0005090994139752796
0.00047384194484759303,0.0,0.0
0.0,0.0001834468622102983,0.0
0.0,8.073421543120146e-05,7.439744658875658e-05
4.512780427119933e-05,0.0,0.0
0.0,0.0,1.9580746691356904e-05
0.00036102243416959466,0.0,0.0
0.0009520674757181193,0.0,0.0006227798585005486
0.0,0.0,3.916149338271381e-05
0.0,0.0,9.790373345678453e-05
0.0,0.0,0.00033287269375306737
2.2563902135599666e-05,0.0,0.0
0.0,0.0012474386630300285,0.0
0.0,0.0,0.0036028573912096702
0.0,0.0002568256070944176,0.0
0.0,0.0,1.9580746691356904e-05
0.0074235238026122904,0.0,0.0
0.0,0.0,0.0004895186672839227
0.00038358633630519436,0.0,0.0
0.00017737841075790478,0.0,0.00010062235396627437
0.0007897365747459884,0.0,0.0
0.0,0.0,0.0007440683742715624
0.0019856233879327707,0.0,0.0
0.0,0.0,0.0012923292816295557
0.0,0.004916375907235994,0.0
0.00011281951067799833,0.0,0.0
0.0,0.0,0.00033287269375306737
0.0,0.0003668937244205966,0.0
0.0005375235897553662,0.0,0.0005713215485267023
0.0,0.0,0.00015664597353085523
0.0,0.0019812261118712215,0.0
0.0,0.005686852728519248,0.0
0.0,0.0,3.916149338271381e-05
0.0,0.0008793527393820913,0.0014300307731288835
0.0,0.010896743615291719,0.0
0.0,0.0,1.9580746691356904e-05
0.0014440897366783786,0.0,0.0
6.769170640679901e-05,0.0,0.0
0.0,0.0,1.9580746691356904e-05
0.0,0.0,1.9580746691356904e-05
0.0,0.0,9.790373345678453e-05
0.0,0.0,0.00021538821360492593
0.0,0.0,0.006520388648221849
2.2563902135599666e-05,0.0,0.0
2.2563902135599666e-05,0.0,0.0
0.0007889290567196173,0.0065894890673090685,0.002025308455955039
0.0003980401317515229,0.0,0.0004378143031839703
0.0,0.0008805449386094319,0.0
0.00022563902135599667,0.0,0.0
0.0,0.0,0.0007636491209629193
0.0,0.0012107492905879687,0.0
0.0,0.005173201514330412,0.0
0.0004287141405763937,0.0,0.0
0.0,0.00638395080491838,0.0
0.0,0.00029351497953647725,0.0
0.0,0.0,3.916149338271381e-05
0.0,0.0,3.916149338271381e-05
0.0,0.0,0.0002545497069876398
0.0,0.0033754222646694885,0.0
0.001624600953763176,0.0,0.0
0.0,0.011153569222386136,0.0
0.0002933307277627957,0.0,0.0
4.512780427119933e-05,0.0,0.0
0.0008348643790171877,0.0,0.0
2.2563902135599666e-05,0.0,0.0
0.0,0.0,0.0009790373345678453
0.000338458532033995,0.0,0.0
9.025560854239866e-05,0.0,0.0
0.0024218214950560424,0.0,0.001853676418360033
0.0,0.0,0.002525916323185041
9.025560854239866e-05,0.0,0.0
0.00013538341281359802,0.0,0.0
0.00047384194484759303,0.0,0.0
0.0009702477918307858,0.0,0.0
0.0009476838896951861,0.0,0.0
9.025560854239866e-05,0.0,0.0
0.0,0.0,0.00031329194706171046
0.006719329314399904,0.0,0.003371978781949475
0.002985790054509858,0.0,0.001344688944135858
0.0,0.0,0.0012531677882468418
0.0,0.0,0.0007244876275802055
0.00011281951067799833,0.0,0.0
0.0,0.0,0.0009007143478024176
0.0,0.0,0.0010769410680246296
0.0,7.337874488411931e-05,0.0
0.00047384194484759303,0.0,0.0
0.00013538341281359802,0.0,0.0
0.0,0.0,5.874224007407071e-05
0.0,3.6689372442059656e-05,0.0
0.0,0.0,0.0003524534404444243
0.0,0.0,0.00017622672022221214
0.0,0.0,0.0005286801606666364
0.00022563902135599667,0.0,0.0
0.0,0.00011006811732617898,0.0
0.0,0.0,0.0003720341871357812
0.0,0.0,0.0006265838941234209
0.0,0.0021646729740815197,0.0
0.0,3.6689372442059656e-05,0.0
0.0004964058469831927,0.0,0.0
0.0003158946298983954,0.0,0.0
0.0,0.0,1.9580746691356904e-05
0.0,0.0,0.00011748448014814142
0.0,0.0,5.874224007407071e-05
0.0,0.0,0.00021538821360492593
0.0016217186899258214,0.0,0.0007857310696962698
0.0006543531619323903,0.0,0.0
0.0,0.0,0.001214006294864128
0.0006317892597967907,0.0,0.0
0.0,0.00011006811732617898,0.0
0.0,0.0,0.00027413045367899664
0.00038358633630519436,0.0,0.0
0.0,0.0,0.0003720341871357812
0.0,0.01185066729878527,0.0
0.0,0.0,7.832298676542761e-05
0.00024820292349159634,0.0,0.0
0.0,0.0,0.0013510715217036264
0.0,0.0,0.00033287269375306737
0.0,0.0,7.832298676542761e-05
0.0010605034003731844,0.0,0.0
0.0005189697491187924,0.0,0.0
0.0,0.0,0.00082239136103699
0.0,0.0,7.832298676542761e-05
0.00067691706406799,0.0,0.0
0.0015547369901053971,0.000628425803520834,0.0010371528430309588
0.0,0.0,0.0020363976559011183
0.0,0.0,7.832298676542761e-05
2.2563902135599666e-05,0.0,0.0
0.0,0.0,0.0013314907750122695
0.0,0.0,0.0009398758411851314
0.0,0.0,7.832298676542761e-05
2.2563902135599666e-05,0.0,0.0
0.0009251199875595864,0.0,0.0
0.0,0.007703277129860162,0.003603653167098826
0.0,3.6689372442059656e-05,0.0
0.003677916048102746,0.0,0.0
0.0005640975533899917,0.0,0.0
0.0015696173503249992,0.0007498131825187415,0.0
0.00027076682562719603,0.0,0.0
9.025560854239866e-05,0.0,0.0
0.002324081919966766,0.0,0.0
0.0,0.00022013623465235796,0.0
0.0,0.0010639918008197302,0.0
0.001827676072983573,0.0,0.0
0.0016132544830643972,0.0,0.002437858952616134
0.0006317892597967907,0.0,0.0
0.0009928116939663854,0.0,0.0
0.0,0.0,1.9580746691356904e-05
0.0006217464651187444,0.0,0.0008898486459416209
0.0,0.0,0.0017426864555307644
0.0008799921832883871,0.0,0.0
0.00011281951067799833,0.0,0.0
0.00022563902135599667,0.0,0.0
0.0007552617320977384,0.0,0.0007935660722536601
0.0004964058469831927,0.0,0.0
0.0,0.0,7.832298676542761e-05
0.002121006800746369,0.0,0.0
0.0034297131246111496,0.0,0.0
0.0004964058469831927,0.0,0.0
0.0,0.0,0.00082239136103699
0.0,0.0,0.00023496896029628284
0.0,0.0,7.832298676542761e-05
0.0,0.0,0.001194425548172771
0.0,0.0,0.00033287269375306737
0.0,0.0011893111960590299,0.0007555096683187539
0.0043202215259171605,0.0,0.00208601401872591
0.0,0.0,0.0004699379205925657
0.0,0.0,0.0004503571739012088
0.002098442898610769,0.0,0.0
0.0025497209413227625,0.0,0.0
0.003204074103255153,0.0,0.0
0.00011281951067799833,0.0,0.0
0.0004287141405763937,0.0,0.0
0.000203075119220397,0.0,0.0
0.0,0.0,0.0004503571739012088
0.001015375596101985,0.0,0.0
0.0,0.0,0.00017622672022221214
0.0,0.028104059290617697,0.0
0.0,0.008548623778999901,0.0
0.0,0.003736238414966917,0.0002969547401608373
0.0,0.00047696184174677556,0.0
0.0,0.0,0.0007244876275802055
0.0,0.0,7.832298676542761e-05
0.0006287736481629123,0.0,0.0020390145759341706
0.004913355676514067,0.0,0.00217830080694689
0.0,0.0,5.874224007407071e-05
0.00024820292349159634,0.0,0.0
0.0,0.0012474386630300285,0.0
0.0,0.0001834468622102983,0.0
2.2563902135599666e-05,0.0,0.0
0.0,0.0021279836016394604,0.0
9.025560854239866e-05,0.0,0.0
0.0,0.0006604087039570739,0.0
0.00011281951067799833,0.0,0.0
2.2563902135599666e-05,0.0,0.0
0.0,0.00011006811732617898,0.0
0.0,0.0,3.916149338271381e-05
0.0,3.6689372442059656e-05,0.0
0.0,0.0,1.9580746691356904e-05
0.0,0.00040358309686265624,0.0
0.00021564261639834834,0.0013003823970789026,0.0
0.002572284843458362,0.0,0.0
6.769170640679901e-05,0.0,0.0
0.0,0.0,9.790373345678453e-05
0.0,0.0030452179126909517,0.0
0.0,0.013208174079141478,0.0
0.0,0.00047696184174677556,0.0
0.0005640975533899917,0.0,0.0
0.0,0.0,0.00011748448014814142
0.0,0.0,7.832298676542761e-05
0.0015343453452207774,0.0,0.0
0.00018051121708479733,0.0,0.0
0.0,0.0006604087039570739,0.0
0.00018051121708479733,0.0,0.0
0.0,7.337874488411931e-05,0.0
9.025560854239866e-05,0.0,0.0
0.0003031473607715,0.0,0.00026561166986446366
0.0,0.0,0.0009594565878764883
0.0,0.0,0.0023692703496541855
0.0,0.0002888482586740263,0.00045284775558753306
0.0,0.0,0.0008028106143456331
0.0,0.0007337874488411932,0.0
0.0,0.0,0.003230823204073889
0.0,0.0009181515845781064,0.0004107061409222618
0.0,0.0,0.002662981550024539
0.0,0.0,0.0004895186672839227
0.0,0.0,0.0020755591492838316
0.0,0.0,0.000411195680518495
0.0,0.0,0.000607003147432064
0.0,0.0,0.0014098137617776971
0.0,0.0,0.002800046776864037
0.0,0.0,0.00019580746691356905
0.00018051121708479733,0.0,0.0
0.0002933307277627957,0.0,0.0
0.003858427265187543,0.0,0.0
0.0018502399751191727,0.0,0.0
0.000609225357661191,0.0,0.0
0.0,0.0,3.916149338271381e-05
2.2563902135599666e-05,0.0,0.0
0.0,0.00022013623465235796,0.0
0.00024820292349159634,0.0,0.0
0.0,0.0,0.00015664597353085523
6.769170640679901e-05,0.0,0.0
0.00047384194484759303,0.0,0.0
0.0,0.0011373705457038495,0.0
0.00022563902135599667,0.0,0.0
0.00067691706406799,0.0,0.0
0.0,0.0,0.00021538821360492593
0.0,0.00303297453687431,0.001318444194063086
0.0,3.6689372442059656e-05,0.0
0.0004287141405763937,0.0,0.0
4.512780427119933e-05,0.0,0.0
0.0011287840083138302,0.0,0.0007827188243209421
0.0,0.0,0.00033287269375306737
0.0001579473149491977,0.0,0.0
0.0002933307277627957,0.0,0.0
0.00018051121708479733,0.0,0.0
6.769170640679901e-05,0.0,0.0
0.0,0.0,7.832298676542761e-05
0.0,0.0,5.874224007407071e-05
0.0,0.0006438821357038477,0.0006941461963872955
0.0001579473149491977,0.0,0.0
2.2563902135599666e-05,0.0,0.0
0.0006317892597967907,0.0,0.0
0.0,0.0,9.790373345678453e-05
0.0,3.6689372442059656e-05,0.0
0.0,0.0,0.0022713666161974008
0.0,0.0,0.0013902330150863402
0.0009025560854239867,0.0,0.0
0.0033394575160687508,0.0,0.0
0.0015343453452207774,0.0,0.0
0.0003158946298983954,0.0,0.0
0.0,0.0,0.001194425548172771
0.0,0.0,0.00033287269375306737
0.00022563902135599667,0.0,0.0
0.0,0.0004402724693047159,0.0
0.00036102243416959466,0.0,0.0
0.0,0.0,0.0031133387239257477
0.00022563902135599667,0.0,0.0
0.0,0.0,0.00013706522683949832
0.0,0.0,7.832298676542761e-05
0.00045127804271199334,0.0,0.0
0.0011403807366951073,0.0,0.0008901397702666374
0.0005415336512543921,0.0,0.0
0.0,0.00047696184174677556,0.0
0.0,0.0,0.0005874224007407071
4.512780427119933e-05,0.0,0.0
0.0014297895152906588,0.0,0.0003648630410064432
0.00018051121708479733,0.0,0.0
0.0,0.0,0.0017818479489134782
0.00018051121708479733,0.0,0.0
2.2563902135599666e-05,0.0,0.0
0.00027076682562719603,0.0,0.0
0.0010860514877068413,0.0,0.0038939789431188653
0.0004964058469831927,0.0,0.0
2.2563902135599666e-05,0.0,0.0
0.0009251199875595864,0.0,0.0
0.0,0.0,7.832298676542761e-05
0.0,0.0,5.874224007407071e-05
0.000500216429204146,0.00039738701120843476,0.0
0.0005415336512543921,0.0,0.0
0.0,0.0,3.916149338271381e-05
0.000338458532033995,0.0,0.0
0.0,0.0,5.874224007407071e-05
0.0018328695814896591,0.0,0.001503210616331801
2.2563902135599666e-05,0.0,0.0
0.0010164709298958843,0.001465793862235981,0.0
9.025560854239866e-05,0.0,0.0
0.0007671726726103887,0.0,0.0
0.0,0.0,0.0008615528544197037
0.0,0.0,0.00027413045367899664
0.00011281951067799833,0.0,0.0
0.0,0.0,0.0021343013893579026
0.0,0.0,0.0005874224007407071
0.0001582393998833387,0.0,0.00025429623836889607
0.010447086688782647,0.0,0.0
0.003204074103255153,0.0,0.0
0.0,0.0,0.0008419721077283469
0.00013359832512250297,7.628133446045819e-05,0.0
0.002319674398518787,0.0,0.002803871583428565
0.0,0.0,0.0006265838941234209
0.0,0.0,0.0007049068808888486
0.0006317892597967907,0.0,0.0
0.0,0.0,0.0005482609073579933
0.0,0.0,0.00027413045367899664
0.0008348643790171877,0.0,0.0
0.0009476838896951861,0.0,0.0
0.0,0.0,0.001429394508469054
0.0,0.0,0.00033287269375306737
0.0,0.0,0.001840590188987549
0.00018051121708479733,0.0,0.0
0.0,0.0,0.003309146190839317
0.0,0.0007680092420660267,0.0017048418841986983
0.0,0.0020912942291974007,0.0
0.0,0.0006248665193421479,0.0006063909049009063
0.0,0.00429265657572098,0.0
0.004214384679028633,0.003768247068444614,0.0012437240117218243
0.00225454571437164,0.0014705740915843502,0.0
0.001624600953763176,0.0,0.0
0.0,0.0,0.00023496896029628284
0.0,0.0009088381380903758,0.0019821363683477818
0.0,0.0,0.0035636958978269564
0.0,0.0,0.0006265838941234209
2.2563902135599666e-05,0.0,0.0
0.0,0.0,0.00023496896029628284
4.512780427119933e-05,0.0,0.0
0.0,0.0003668937244205966,0.0
0.0003158946298983954,0.0,0.0
0.0001579473149491977,0.0,0.0
0.0,0.0001834468622102983,0.0
0.00047092389873485866,0.0,0.000452889427472589
0.000478270323965644,0.0,0.00040735277385976407
0.0,0.0,0.00033287269375306737
0.004467652622848734,0.0,0.0
0.0021749068620786883,0.0012698641637118421,0.0
0.006774920240983319,0.0,0.004185290341701866
0.0,0.0,0.00033287269375306737
0.0001579473149491977,0.0,0.0
0.0,0.0,0.0003720341871357812
0.0,3.6689372442059656e-05,0.0
0.0,0.0,1.9580746691356904e-05
0.0,0.0006970980763991335,0.0
0.00013538341281359802,0.0,0.0
0.0,0.00047696184174677556,0.0
0.0,0.0,0.0002545497069876398
0.002797923864814359,0.0,0.0
0.0003824804865420523,0.0,0.0014890963947940547
0.0005415336512543921,0.0,0.0
0.0002933307277627957,0.0,0.0
0.0013989619324071795,0.0,0.0
0.00135383412813598,0.0,0.0
0.00027076682562719603,0.0,0.0
0.0,0.0005136512141888352,0.0
0.00047532524728876593,0.0,0.002172175686528156
0.0,0.007044359508875455,0.0
0.0,7.337874488411931e-05,0.0
2.2563902135599666e-05,0.0,0.0
0.0,0.00047696184174677556,0.0
0.0002933307277627957,0.0,0.0
0.00270766825627196,0.0,0.0
0.0009251199875595864,0.0,0.0
0.00022563902135599667,0.0,0.0
0.0,0.0,9.790373345678453e-05
0.0,0.00047696184174677556,0.0
0.0,0.0,0.00021538821360492593
0.0040067894096906835,0.0,0.009857433508484574
0.00022563902135599667,0.0,0.0
0.0,0.0,3.916149338271381e-05
0.0,0.0002568256070944176,0.0
0.0,0.0,0.00015664597353085523
0.00027076682562719603,0.0,0.0
0.0008799921832883871,0.0,0.0
0.0,0.0,0.00019580746691356905
0.0,0.0,0.0032112424573825325
0.0,0.0,0.0031916617106911753
0.0037230438523739454,0.0,0.0
0.0,0.00011006811732617898,0.0
2.2563902135599666e-05,0.0,0.0
0.0,0.0,0.0011356833080987004
0.0,0.0,7.832298676542761e-05
0.0,0.0,0.0004699379205925657
0.0,0.0,0.0022713666161974008
0.0,0.00011006811732617898,0.0
0.0,0.0,0.00027413045367899664
0.0,0.0014675748976823865,0.0
0.0,0.0,0.0003524534404444243
0.0,0.0,0.0007244876275802055
0.00027076682562719603,0.0,0.0
0.0008799921832883871,0.0,0.0
2.2563902135599666e-05,0.0,0.0
0.0005640975533899917,0.0,0.0
7.941494560805245e-05,0.0,0.00018563414778541344
0.0,0.0011373705457038495,0.0
0.0,3.6689372442059656e-05,0.0
6.769170640679901e-05,0.0,0.0
9.025560854239866e-05,0.0,0.0
0.0,0.0,0.00013706522683949832
0.000714457950829542,0.0,0.00028071431089623925
0.0,0.0,0.00011748448014814142
0.0,0.0,7.832298676542761e-05
0.0,3.6689372442059656e-05,0.0
0.0005415336512543921,0.0,0.0
0.001624600953763176,0.0,0.0
0.0,0.0,1.9580746691356904e-05
0.0,0.00014675748976823862,0.0
0.0,0.0006970980763991335,0.0
0.0,0.0,3.916149338271381e-05
0.0,0.0,0.00031329194706171046
0.0,0.0,0.0026434008033331823
0.0,0.0006970980763991335,0.0
0.0,0.0,0.0015468789886171955
0.0006976502251837766,0.003305020342620234,0.0
0.0,0.002935149795364773,0.0
0.0,0.007227806371085753,0.0
0.0,0.00040358309686265624,0.0
0.0,0.0,0.00023496896029628284
0.0,0.0,0.00011748448014814142
2.2563902135599666e-05,0.0,0.0
0.0,0.0,0.0010377795746419158
0.0,7.337874488411931e-05,0.0
0.0011733229110511827,0.0,0.0
0.005753795044577915,0.0,0.0
0.0,0.007888215075042827,0.0
0.0,0.0,0.00043077642720985187
0.00018051121708479733,0.0,0.0
0.0,0.0,0.0023105281095801146
0.0,0.0001834468622102983,0.0
0.0,7.337874488411931e-05,0.0
0.0,0.0,0.00013706522683949832
0.0,0.0,0.0007049068808888486
0.000203075119220397,0.0,0.0
0.0,0.0,0.0009790373345678453
0.0,0.0,5.874224007407071e-05
0.0,0.0,0.005130155633135509
0.0,0.0,0.0012531677882468418
0.0,0.0,0.007988944650073618
0.0,0.0,0.0012531677882468418
0.00013538341281359802,0.0,0.0
0.0004132852366139134,0.005014842369681125,0.0
6.769170640679901e-05,0.0,0.0
0.0,0.0,0.0005482609073579933
0.0013087063238647807,0.0,0.0
0.0,0.0,0.00011748448014814142
6.769170640679901e-05,0.0,0.0
0.0,0.0,0.004836444432765155
0.0,0.0,0.00015664597353085523
0.0,7.337874488411931e-05,0.0
0.0,0.00033020435197853693,0.0
0.0009928116939663854,0.0,0.0
0.0,0.006860912646665157,0.0
0.0,0.0,0.0004699379205925657
0.00543790041467952,0.0,0.0
0.00014788884759708618,0.0,0.0001262131255810713
0.0,0.0,0.0002545497069876398
0.0,0.0,0.0005090994139752796
0.0,0.0,0.00015664597353085523
0.000203075119220397,0.0,0.0
0.0,0.0,0.003309146190839317
0.001521654849659442,0.0,0.0001872394155211452
0.0,0.0,0.0005286801606666364
0.0005368495746017759,0.0,0.0013551363203305035
0.0,0.0,3.916149338271381e-05
0.000203075119220397,0.0,0.0
0.0,0.0006713484828545366,0.0007773914183924642
0.00011281951067799833,0.0,0.0
0.00013538341281359802,0.0,0.0
0.002233826311424367,0.0,0.0
0.0,0.0001834468622102983,0.0
0.0011958868131867824,0.0,0.0
0.0,0.0,0.0003524534404444243
0.0,0.0,0.00013706522683949832
0.0,0.0,1.9580746691356904e-05
0.0005415336512543921,0.0,0.0
0.00018051121708479733,0.0,0.0
9.025560854239866e-05,0.0,0.0
0.003880991167323143,0.0,0.0
0.00013538341281359802,0.0,0.0
0.0,7.337874488411931e-05,0.0
0.00036102243416959466,0.0,0.0
0.0,0.0,0.0007440683742715624
0.00047384194484759303,0.0,0.0
0.0,0.0,0.0009398758411851314
0.0,0.0,0.0012727485349381988
4.512780427119933e-05,0.0,0.0
0.0,3.6689372442059656e-05,0.0
0.0017884866359593348,0.0,0.0006018498869665557
0.0,0.0,0.0010573603213332727
0.0011281951067799833,0.0,0.0
0.0026104431360554677,0.0,0.002551545147989518
2.2563902135599666e-05,0.0,0.0
0.0,0.0,5.874224007407071e-05
0.0010174034497432423,0.0,0.0025437373171422304
0.0072227410923995025,0.0,0.00042878709576259856
0.0015117814430851777,0.0,0.0
0.0,0.0,0.0002545497069876398
0.0007939129899451129,0.0,0.00027050619899110886
0.0,0.0037423159890900854,0.0
0.0,3.6689372442059656e-05,0.0
0.0,7.337874488411931e-05,0.0
0.0,0.0,1.9580746691356904e-05
0.0,0.0,7.832298676542761e-05
0.0009702477918307858,0.0,0.0
0.0,0.0,0.0019384939224443335
0.0,0.0,0.002682562296715896
0.0,3.6689372442059656e-05,0.0
0.0,3.6689372442059656e-05,0.0
0.00011281951067799833,0.0,0.0
0.0,0.0,1.9580746691356904e-05
0.0,0.0,3.916149338271381e-05
0.00020335694910432676,0.0012469804017986755,0.0
0.0,0.0,0.000411195680518495
0.0,0.0,1.9580746691356904e-05
0.0013312702260003804,0.0,0.0
0.00022563902135599667,0.0,0.0
0.0,0.00030432383407849915,0.0018348216127289795
6.769170640679901e-05,0.0,0.0
0.0,0.00033020435197853693,0.0
0.0,3.6689372442059656e-05,0.0
0.0,0.0,0.000411195680518495
0.0,0.0,0.00027413045367899664
0.0,0.0,0.002662981550024539
0.0,0.0,0.00029371120037035355
0.000338458532033995,0.0,0.0
0.0,0.0,9.790373345678453e-05
0.0,0.0,0.00011748448014814142
0.0,0.0,0.0006657453875061347
0.0,0.0,0.0010965218147159866
0.0,0.0,0.001840590188987549
0.0,0.0,0.00043077642720985187
0.0,0.0,0.00043077642720985187
0.00478354725274713,0.0,0.0
0.0,0.00033020435197853693,0.0
0.000338458532033995,0.0,0.0
0.0,0.0,0.0005090994139752796
0.0,0.0,0.0010377795746419158
0.0,0.0,0.0011356833080987004
0.0009251199875595864,0.0,0.0
2.2563902135599666e-05,0.0,0.0
0.0,0.0009539236834935511,0.0
4.512780427119933e-05,0.0,0.0
0.0002933307277627957,0.0,0.0
0.00018051121708479733,0.0,0.0
0.0004964058469831927,0.0,0.0
0.000203075119220397,0.0,0.0
0.0,0.0,0.0009398758411851314
0.00013538341281359802,0.0,0.0
0.0,0.0,0.00015664597353085523
4.512780427119933e-05,0.0,0.0
0.0,0.0,0.00011748448014814142
0.0,0.0,0.0008811336011110606
0.0,0.00022013623465235796,0.0
0.0,0.0,0.005071413393061438
0.0,0.0,0.0007832298676542762
0.00024820292349159634,0.0,0.0
0.00038358633630519436,0.0,0.0
0.0,0.0,0.00011748448014814142
0.00011281951067799833,0.0,0.0
0.00036102243416959466,0.0,0.0
0.0,0.0002568256070944176,0.0
0.0011281951067799833,0.0,0.0
9.025560854239866e-05,0.0,0.0
0.0,0.0,0.000607003147432064
0.0,0.0,0.0006461646408147778
0.0,0.0,0.001194425548172771
0.0,0.0,0.0009398758411851314
0.0,0.0,0.001840590188987549
0.0013312702260003804,0.0,0.0
0.0010379394982375847,0.0,0.0
0.00011281951067799833,0.0,0.0
0.000744608770474789,0.0,0.0
0.0,0.0,0.002486754829802327
0.0,0.0,0.00021538821360492593
0.0022563902135599666,0.0,0.0
0.000406150238440794,0.0,0.0
0.0,0.0,0.00011748448014814142
0.0004287141405763937,0.0,0.0
0.0,0.0,0.002055978402592475
4.512780427119933e-05,0.0,0.0
0.00024820292349159634,0.0,0.0
0.0002933307277627957,0.0,0.0
4.512780427119933e-05,0.0,0.0
6.769170640679901e-05,0.0,0.0
0.00011281951067799833,0.0,0.0
0.0008677708168845968,0.0,0.0025561026592082763
6.769170640679901e-05,0.0,0.0
0.0,3.6689372442059656e-05,0.0
0.0,0.0,0.00019580746691356905
0.0,0.0,9.790373345678453e-05
0.0,0.0,0.0004503571739012088
0.00027076682562719603,0.0,0.0
0.0002933307277627957,0.0,0.0
9.025560854239866e-05,0.0,0.0
0.001805718969716046,0.0,0.0007239610531048797
0.0,0.0,0.003054596483851677
0.003780812812877896,0.0022590259379508594,0.001368069407637845
0.0,0.0023114304638497587,0.0
0.0011958868131867824,0.0,0.0
0.0,0.0,0.0029958542437776062
0.00018051121708479733,0.0,0.0
0.0010583782974243354,0.0,0.0010787852128132575
0.0025126973402710027,0.0,0.0017748151959161688
0.0014905396420284555,0.0,0.003327579630377401
0.001449407342096953,0.0034034651005094346,0.0
0.0,0.0,0.0008615528544197037
0.00067691706406799,0.0,0.0
0.0037004799502383455,0.0,0.0
0.0013312702260003804,0.0,0.0
0.007039937466307097,0.0,0.0
0.00036102243416959466,0.0,0.0
0.0003158946298983954,0.0,0.0
0.0,0.0,0.0004699379205925657
0.0,0.0,0.0009986180812592022
0.0,0.0,0.0015664597353085524
0.0,0.0006513239091593473,0.0015125659582589756
0.0,0.0010621738186057268,0.0014695262405572127
6.769170640679901e-05,0.0,0.0
0.00018051121708479733,0.0,0.0
0.0011281951067799833,0.0,0.0
0.0,0.0,0.00011748448014814142
0.003452277026746749,0.0,0.0
0.00067691706406799,0.0,0.0
0.0,0.0,0.00019580746691356905
0.0,3.6689372442059656e-05,0.0
0.00011281951067799833,0.0,0.0
0.0010463036417215766,0.007287584845342976,0.0
0.002233826311424367,0.0,0.0
0.006295328695832307,0.0,0.0
0.0,0.00033020435197853693,0.0
0.0,0.0,0.0005090994139752796
0.0,0.0,0.0018993324290616197
0.00011281951067799833,0.0,0.0
0.0011693606031540288,0.0,0.0011782832558223828
0.0025497209413227625,0.0,0.0
0.00011281951067799833,0.0,0.0
0.0046255999377979315,0.0,0.0
0.0021886985071531678,0.0,0.0
0.0,0.0008805449386094319,0.0
0.0,0.0,1.9580746691356904e-05
0.0,0.0,0.00023496896029628284
0.00045127804271199334,0.0,0.0
0.001286142421729181,0.0,0.0
0.0003158946298983954,0.0,0.0
0.0,0.0,7.832298676542761e-05
0.000744608770474789,0.0,0.0
0.0,0.0,0.00015664597353085523
0.0,7.337874488411931e-05,0.0
0.00011281951067799833,0.0,0.0
2.2563902135599666e-05,0.0,0.0
0.000338458532033995,0.0,0.0
9.025560854239866e-05,0.0,0.0
0.0001579473149491977,0.0,0.0
0.0,0.0,3.916149338271381e-05
0.0,0.0,5.874224007407071e-05
0.0,0.0,0.0010181988279505591
0.0,0.0009172343110514915,0.0
0.00024820292349159634,0.0,0.0
0.0,0.0,3.916149338271381e-05
2.2563902135599666e-05,0.0,0.0
0.0,3.6689372442059656e-05,0.0
0.0,0.0,3.916149338271381e-05
0.0006719197735587187,0.0,0.001609957831421464
0.0,0.0,0.0006853261341974917
0.0,7.337874488411931e-05,0.0
9.025560854239866e-05,0.0,0.0
0.0,0.0,0.00017622672022221214
0.0,0.0,0.001448975255160411
0.0005189697491187924,0.0,0.0
0.0,0.0,0.0006461646408147778
0.0,0.0001834468622102983,0.0
2.2563902135599666e-05,0.0,0.0
0.0,3.6689372442059656e-05,0.0
0.00027076682562719603,0.0,0.0
0.0,0.0,0.00011748448014814142
0.00013538341281359802,0.0,0.0
0.0,0.0013575067803562075,0.0
0.0,0.0004402724693047159,0.0
0.0,0.0,0.00013706522683949832
0.00012512420342013886,0.00038357541148587753,0.0
0.0,0.00029351497953647725,0.0
0.0,0.0,7.832298676542761e-05
0.0,0.0,7.832298676542761e-05
0.0,0.0004402724693047159,0.0
0.00018051121708479733,0.0,0.0
0.0,0.00022013623465235796,0.0
0.0,0.0,0.0051497363798268655
0.0,0.0,0.002525916323185041
4.512780427119933e-05,0.0,0.0
0.00024820292349159634,0.0,0.0
0.0,0.0,0.000411195680518495
0.000698539868166826,0.0,0.0005294968368850874
0.0,0.0,0.00031329194706171046
0.0,0.0,3.916149338271381e-05
0.0,0.0,0.00029371120037035355
9.025560854239866e-05,0.0,0.0
0.0,0.0,0.00033287269375306737
0.000338458532033995,0.0,0.0
0.0,0.0,3.916149338271381e-05
0.0,0.0,0.0009398758411851314
0.00011281951067799833,0.0,0.0
0.002098442898610769,0.0,0.0
0.0011733229110511827,0.0,0.0
2.2563902135599666e-05,0.0,0.0
0.0011281951067799833,0.0,0.0
0.0004287141405763937,0.0,0.0
4.512780427119933e-05,0.0,0.0
2.2563902135599666e-05,0.0,0.0
0.0,0.0,0.0006265838941234209
0.0,0.0,0.00023496896029628284
0.0,0.00011006811732617898,0.0
0.0,0.005063133397004233,0.0
0.00046265242073446845,0.0,0.000773359287047634
0.0,0.07150758688957427,0.0
0.005505592121086319,0.0,0.0
0.0013312702260003804,0.0,0.0
0.0,0.0,0.0008419721077283469
0.0,0.031809685907265725,0.0
0.00018051121708479733,0.0,0.0
0.002233826311424367,0.0,0.0
0.005501538977323392,0.0,0.005172834407387842
0.0012635785195935815,0.0,0.0
0.0033631624718270022,0.0005851745822375901,0.0
0.00810044086668028,0.0,0.0
0.0033210928418917277,0.0,0.0037362785666584975
0.004557256547901257,0.0,0.0003921804587643349
0.00383457442543963,0.0,0.0035256529326463232
0.003858427265187543,0.0,0.0
0.0,0.0,0.0013706522683949833
0.000609600532492163,0.0,0.0018794261091034546
0.0017825482687123737,0.0,0.0
0.0,0.00029351497953647725,0.0
0.0005758129071517375,0.0,0.00034228696422812944
0.0029888896214629334,0.001053385376298746,0.0033644766190643327
0.0,0.00022013623465235796,0.0
0.0038247700029601724,0.0,0.0004599838897328784
0.00038358633630519436,0.0,0.0
0.0,0.0007337874488411932,0.0
0.0,0.0,3.916149338271381e-05
0.0001579473149491977,0.0,0.0
0.0,0.00022013623465235796,0.0
4.512780427119933e-05,0.0,0.0
0.0,0.00022013623465235796,0.0
0.0,0.0,9.790373345678453e-05
0.0,0.0,5.874224007407071e-05
0.00013538341281359802,0.0,0.0
0.0003158946298983954,0.0,0.0
0.0007220448683391893,0.0,0.0
4.512780427119933e-05,0.0,0.0
9.025560854239866e-05,0.0,0.0
0.00011281951067799833,0.0,0.0
0.0,0.0002568256070944176,0.0
0.0,0.0,0.0039357300849627375
0.0,7.337874488411931e-05,0.0
0.000203075119220397,0.0,0.0
0.0,0.0,0.0007440683742715624
0.0,0.0,1.9580746691356904e-05
9.025560854239866e-05,0.0,0.0
9.025560854239866e-05,0.0,0.0
0.0,0.004219277830836861,0.0
0.0,0.0,0.0007244876275802055
0.0,0.0022013623465235795,0.0
0.0005415336512543921,0.0,0.0
2.2563902135599666e-05,0.0,0.0
4.512780427119933e-05,0.0,0.0
0.0,0.0,0.0007832298676542762
0.0,0.0,0.0005482609073579933
0.0007220448683391893,0.0,0.0
0.0,0.0,9.790373345678453e-05
0.0,0.0,0.0005286801606666364
0.0020081872900683706,0.0,0.0
0.0,0.0,0.0006853261341974917
0.0,0.0,0.0003720341871357812
0.0,0.0002568256070944176,0.0
0.0,0.0,0.00013706522683949832
0.00013538341281359802,0.0,0.0
0.00029564864865387836,0.0,0.0004483457034761847
0.0007897365747459884,0.0,0.0
0.0,0.0,7.832298676542761e-05
0.0,0.0,0.00043077642720985187
0.0,0.0,0.00013706522683949832
0.0009041351203507482,0.0,0.004130167279893565
4.512780427119933e-05,0.0,0.0
0.0,0.0,0.0027804660301726804
0.0,0.0,0.00043077642720985187
0.0006927156125198504,0.0,0.0010436504863292056
0.0,0.0,0.00017622672022221214
0.0,0.0,0.0017818479489134782
0.0,0.0,0.0015664597353085524
0.0,0.0001834468622102983,0.0
0.0,0.00040358309686265624,0.0
0.0,0.0,0.006618292381678634
0.003320712196148336,0.0,0.005028938169162332
0.003000998984034756,0.0,0.0
0.0006543531619323903,0.0,0.0
0.0,0.014272165879961208,0.0
0.005199336803464366,0.0,0.005337178940226059
0.0,0.0,1.9580746691356904e-05
0.0028706582941062783,0.0,0.002188667600903979
2.2563902135599666e-05,0.0,0.0
0.0,3.6689372442059656e-05,0.0
0.00022750841079055168,0.0,0.001055738082379853
0.0,0.00040358309686265624,0.0
6.769170640679901e-05,0.0,0.0
0.007871643494712888,0.0,0.0010209396155551453
4.512780427119933e-05,0.0,0.0
0.0,0.0,0.0007636491209629193
0.0,0.0,0.0014685560018517679
0.0,0.0002568256070944176,0.0
0.0,0.0,0.0037203418713578117
0.0,0.0,0.0008615528544197037
0.0003037877895175611,0.0,0.000519605618678046
0.0,7.337874488411931e-05,0.0
0.0,0.004257438679785404,0.001291543969512778
9.025560854239866e-05,0.0,0.0
0.0002933307277627957,0.0,0.0
4.512780427119933e-05,0.0,0.0
0.0012410146174579818,0.0,0.0
0.0,0.0,0.0009986180812592022
0.00047255838502885454,0.0011541874106707109,0.000873272471905952
0.0,0.0,5.874224007407071e-05
0.0,0.003999141596184503,0.0
0.0,0.0,0.0009398758411851314
0.00013538341281359802,0.0,0.0
0.0,0.0026416348158282955,0.0
0.005122005784781124,0.0,0.0
0.0,0.0012474386630300285,0.0
0.0,0.0029718391678068322,0.0
0.00018051121708479733,0.0,0.0
0.0,0.0007337874488411932,0.0
0.0005415336512543921,0.0,0.0
0.0,0.00014675748976823862,0.0
0.0007930730622579589,0.0005082260163556187,0.0
2.2563902135599666e-05,0.0,0.0
0.0,0.0,3.916149338271381e-05
0.0,0.0017610898772188637,0.0
0.0,0.0008071661937253125,0.0
0.0,0.0,0.001194425548172771
0.0,0.0,5.874224007407071e-05
2.2563902135599666e-05,0.0,0.0
0.000406150238440794,0.0,0.0
0.0,0.0,0.00019580746691356905
0.0,0.0,0.00031329194706171046
0.0,0.0,0.0003524534404444243
0.0,0.00964930495226169,0.0
0.004309705307899536,0.0,0.0
0.0,0.0008805449386094319,0.0
0.0,0.004166181491023314,0.005060588878779934
0.0010589707247768794,0.0,0.0022531159112883082
0.0010661036005228624,0.0,0.0036175783357314914
0.001266022565683932,0.0,0.0009181741737811438
0.0,0.0,0.00021538821360492593
0.0,0.0,0.001821009442296192
0.0,0.001394196152798267,0.0
0.0,0.001284128035472088,0.0
0.0,0.0006237193315150142,0.0
0.0,7.337874488411931e-05,0.0
0.00018051121708479733,0.0,0.0
0.0,0.0,3.916149338271381e-05
0.0006543531619323903,0.0,0.0
0.0,0.0,0.0005090994139752796
0.0,0.0,0.00017622672022221214
0.0,0.0,1.9580746691356904e-05
0.0,0.0,0.0012727485349381988
0.0,0.0,3.916149338271381e-05
0.0,0.0,0.002251785869506044
2.2563902135599666e-05,0.0,0.0
0.0,0.0,0.0002545497069876398
0.0012116327322858234,0.0,0.004744457282263856
0.00013538341281359802,0.0,0.0
0.0,0.0,3.916149338271381e-05
0.0,3.6689372442059656e-05,0.0
0.0,0.00014675748976823862,0.0
0.0001579473149491977,0.0,0.0
0.0017599843665767742,0.0,0.0
0.0,0.0,0.0019189131757529766
0.000609225357661191,0.0,0.0
2.2563902135599666e-05,0.0,0.0
0.0,0.0014675748976823865,0.0
0.0,0.00011006811732617898,0.0
0.0,0.0,0.0005090994139752796
0.0028312977191203336,0.0,0.0028885697332760624
4.512780427119933e-05,0.0,0.0
0.00047384194484759303,0.0,0.0
0.0,0.005833610218287486,0.0
0.0,0.0,0.0007440683742715624
0.0,0.0,0.0009986180812592022
0.0,0.004842997162351875,0.0
0.0,0.0,0.010162407532814234
0.0,0.0,0.00019580746691356905
0.0007795596673463688,0.0,0.00210397132259173
0.0,0.0,0.00031329194706171046
0.00027076682562719603,0.0,0.0
0.0,0.00015975739811392492,0.0007371304547764897
0.0003158946298983954,0.0,0.0
0.0004287141405763937,0.0,0.0
0.0,0.0,5.874224007407071e-05
0.0002933307277627957,0.0,0.0
0.00011281951067799833,0.0,0.0
0.0,3.6689372442059656e-05,0.0
0.0007220448683391893,0.0,0.0
0.0,0.055327573642625964,0.0
0.0,7.337874488411931e-05,0.0
0.00011281951067799833,0.0,0.0
0.0,3.6689372442059656e-05,0.0
0.0,0.0,0.00015664597353085523
0.0,0.0,0.0006265838941234209
0.0017825482687123737,0.0,0.0
0.0,0.0,0.0002545497069876398
0.0014215258345427792,0.0,0.0
0.0,0.0,1.9580746691356904e-05
0.0,0.0,0.00021538821360492593
0.0,0.0,0.00021538821360492593
0.0,0.0,0.00029371120037035355
0.0008517014585347673,0.0,0.0006119728314147323
0.0,0.0,0.003955310831654095
0.0035199687331535483,0.0,0.0
0.000406150238440794,0.0,0.0
0.00038358633630519436,0.0,0.0
6.769170640679901e-05,0.0,0.0
0.0,3.6689372442059656e-05,0.0
0.0,0.0,0.0005482609073579933
0.0,0.0,0.00011748448014814142
0.0009308816199922789,0.0,0.0003474535488248245
0.0,3.6689372442059656e-05,0.0
0.00022563902135599667,0.0,0.0
0.0010830673025087841,0.0,0.0
0.0,0.0,0.00027413045367899664
0.0,0.0,0.0005286801606666364
0.0,0.0006677133112381468,0.003129021075650651
0.0,7.337874488411931e-05,0.0
0.0,0.002123859196112601,0.00088333475459226
0.0,0.0043660353206051,0.0
0.0009251199875595864,0.0,0.0
0.0,0.0,0.00029371120037035355
0.0,0.0,0.0011356833080987004
0.0,0.0,0.0002545497069876398
0.0,0.001504264270124446,0.0
9.025560854239866e-05,0.0,0.0
0.00047384194484759303,0.0,0.0
0.0,0.00014675748976823862,0.0
0.0010379394982375847,0.0,0.0
0.0004287141405763937,0.0,0.0
0.0,0.0,1.9580746691356904e-05
0.0,0.0,0.0038574070981973103
0.0,0.0,0.00082239136103699
0.0,0.0,1.9580746691356904e-05
